url,old_last_modified
https://bioconductor.org/checkResults/3.19/bioc-LATEST/report.tgz,2024-02-26T19:04:17Z
https://bioconductor.org/checkResults/3.19/bioc-mac-arm64-LATEST/report.tgz,2024-01-29T17:20:53Z
https://bioconductor.org/checkResults/3.19/data-annotation-LATEST/report.tgz,2024-02-21T13:30:07Z
https://bioconductor.org/checkResults/3.19/data-experiment-LATEST/report.tgz,2024-02-27T19:51:20Z
https://bioconductor.org/checkResults/3.19/workflows-LATEST/report.tgz,2024-02-27T19:00:11Z
https://bioconductor.org/checkResults/3.19/books-LATEST/report.tgz,2024-02-26T19:00:04Z
https://bioconductor.org/checkResults/3.19/bioc-longtests-LATEST/report.tgz,2024-02-25T04:55:03Z
https://bioconductor.org/checkResults/3.18/bioc-LATEST/report.tgz,2024-02-27T16:38:56Z
https://bioconductor.org/checkResults/3.18/bioc-mac-arm64-LATEST/report.tgz,2024-02-22T16:32:36Z
https://bioconductor.org/checkResults/3.18/data-annotation-LATEST/report.tgz,2024-02-21T13:30:05Z
https://bioconductor.org/checkResults/3.18/data-experiment-LATEST/report.tgz,2024-02-27T19:52:01Z
https://bioconductor.org/checkResults/3.18/workflows-LATEST/report.tgz,2024-02-27T19:00:11Z
https://bioconductor.org/checkResults/3.18/books-LATEST/report.tgz,2024-02-26T19:00:05Z
https://bioconductor.org/checkResults/3.18/bioc-longtests-LATEST/report.tgz,2024-02-25T04:55:03Z
https://bioconductor.org/checkResults/3.17/bioc-LATEST/report.tgz,2023-10-16T15:38:20Z
https://bioconductor.org/checkResults/3.17/bioc-mac-arm64-LATEST/report.tgz,2023-10-20T13:38:20Z
https://bioconductor.org/checkResults/3.17/data-annotation-LATEST/report.tgz,2023-10-11T12:30:04Z
https://bioconductor.org/checkResults/3.17/data-experiment-LATEST/report.tgz,2023-10-12T18:51:36Z
https://bioconductor.org/checkResults/3.17/workflows-LATEST/report.tgz,2023-10-13T18:00:09Z
https://bioconductor.org/checkResults/3.17/books-LATEST/report.tgz,2023-10-16T18:00:06Z
https://bioconductor.org/checkResults/3.17/bioc-longtests-LATEST/report.tgz,2023-10-15T01:30:03Z
https://bioconductor.org/checkResults/3.16/bioc-LATEST/report.tgz,2023-04-12T15:06:54Z
https://bioconductor.org/checkResults/3.16/bioc-mac-arm64-LATEST/report.tgz,2023-04-19T15:02:01Z
https://bioconductor.org/checkResults/3.16/data-annotation-LATEST/report.tgz,2023-04-12T10:00:11Z
https://bioconductor.org/checkResults/3.16/data-experiment-LATEST/report.tgz,2023-04-11T18:50:27Z
https://bioconductor.org/checkResults/3.16/workflows-LATEST/report.tgz,2023-04-11T18:00:08Z
https://bioconductor.org/checkResults/3.16/books-LATEST/report.tgz,2023-04-12T18:00:04Z
https://bioconductor.org/checkResults/3.16/bioc-longtests-LATEST/report.tgz,2023-04-16T01:30:03Z
https://bioconductor.org/checkResults/3.15/bioc-LATEST/report.tgz,2022-10-19T17:24:18Z
https://bioconductor.org/checkResults/3.15/data-annotation-LATEST/report.tgz,2022-09-21T10:00:06Z
https://bioconductor.org/checkResults/3.15/data-experiment-LATEST/report.tgz,2022-10-18T18:50:15Z
https://bioconductor.org/checkResults/3.15/workflows-LATEST/report.tgz,2022-10-18T18:00:09Z
https://bioconductor.org/checkResults/3.15/books-LATEST/report.tgz,2022-10-19T18:00:04Z
https://bioconductor.org/checkResults/3.15/bioc-longtests-LATEST/report.tgz,2022-10-16T01:00:02Z
https://bioconductor.org/checkResults/3.14/bioc-LATEST/report.tgz,2022-04-13T16:09:23Z
https://bioconductor.org/checkResults/3.14/data-annotation-LATEST/report.tgz,2022-04-13T10:00:07Z
https://bioconductor.org/checkResults/3.14/data-experiment-LATEST/report.tgz,2022-04-13T18:50:26Z
https://bioconductor.org/checkResults/3.14/workflows-LATEST/report.tgz,2022-04-12T01:00:10Z
https://bioconductor.org/checkResults/3.14/books-LATEST/report.tgz,2022-04-08T18:00:04Z
https://bioconductor.org/checkResults/3.14/bioc-longtests-LATEST/report.tgz,2022-04-10T01:00:04Z
https://bioconductor.org/checkResults/3.13/bioc-LATEST/report.tgz,2021-10-15T19:07:18Z
https://bioconductor.org/checkResults/3.13/data-experiment-LATEST/report.tgz,2021-10-16T19:58:44Z
https://bioconductor.org/checkResults/3.13/workflows-LATEST/report.tgz,2021-10-15T19:50:07Z
https://bioconductor.org/checkResults/3.13/books-LATEST/report.tgz,2021-10-15T16:45:07Z
https://bioconductor.org/checkResults/3.13/bioc-longtests-LATEST/report.tgz,2021-12-11T22:30:02Z
https://bioconductor.org/checkResults/3.12/bioc-20210506/report.tgz,2021-05-06T16:37:56Z
https://bioconductor.org/checkResults/3.12/data-experiment-20210506/report.tgz,2021-05-06T18:10:16Z
https://bioconductor.org/checkResults/3.12/workflows-20210507/report.tgz,2021-05-07T19:45:15Z
https://bioconductor.org/checkResults/3.12/books-20210505/report.tgz,2021-05-05T19:35:02Z
https://bioconductor.org/checkResults/3.12/bioc-longtests-20210508/report.tgz,2021-05-08T18:20:33Z
https://bioconductor.org/checkResults/3.11/bioc-20201017/report.tgz,2020-10-17T16:00:17Z
https://bioconductor.org/checkResults/3.11/data-experiment-20201015/report.tgz,2020-10-16T00:46:03Z
https://bioconductor.org/checkResults/3.11/workflows-20201016/report.tgz,2020-10-16T21:00:15Z
https://bioconductor.org/checkResults/3.11/bioc-longtests-20201010/report.tgz,2020-10-10T21:30:05Z
https://bioconductor.org/checkResults/3.10/bioc-20200415/report.tgz,2020-04-15T16:58:33Z
https://bioconductor.org/checkResults/3.10/data-experiment-20200414/report.tgz,2020-04-14T21:46:34Z
https://bioconductor.org/checkResults/3.10/workflows-20200415/report.tgz,2020-04-15T22:30:18Z
https://bioconductor.org/checkResults/3.10/bioc-longtests-20200411/report.tgz,2020-04-11T23:30:02Z
https://bioconductor.org/checkResults/3.9/bioc-20191016/report.tgz,2019-10-16T17:13:19Z
https://bioconductor.org/checkResults/3.9/bioc-20190409/report.tgz,2019-04-09T22:44:07Z
https://bioconductor.org/checkResults/3.9/data-experiment-20191017/report.tgz,2019-10-17T20:51:42Z
https://bioconductor.org/checkResults/3.9/workflows-20191016/report.tgz,2019-10-16T17:50:16Z
https://bioconductor.org/checkResults/3.9/bioc-longtests-20191012/report.tgz,2019-10-12T23:55:03Z
https://bioconductor.org/checkResults/3.8/bioc-20190416/report.tgz,2019-04-16T16:18:07Z
https://bioconductor.org/checkResults/3.8/data-experiment-20190416/report.tgz,2019-04-16T19:26:23Z
https://bioconductor.org/checkResults/3.8/workflows-20190416/report.tgz,2019-04-16T21:26:32Z
https://bioconductor.org/checkResults/3.8/bioc-longtests-20190413/report.tgz,2019-04-13T23:55:03Z
https://bioconductor.org/checkResults/3.7/bioc-20181017/report.tgz,2018-10-17T13:03:51Z
https://bioconductor.org/checkResults/3.7/data-experiment-20181016/report.tgz,2018-10-16T18:20:00Z
https://bioconductor.org/checkResults/3.7/workflows-20181015/report.tgz,2018-10-15T16:45:20Z
https://bioconductor.org/checkResults/3.7/bioc-longtests-20181016/report.tgz,2018-10-16T17:43:40Z
https://bioconductor.org/checkResults/3.6/bioc-20180412/report.tgz,2018-04-12T17:50:12Z
https://bioconductor.org/checkResults/3.6/data-experiment-20180412/report.tgz,2018-04-12T16:50:29Z
https://bioconductor.org/checkResults/3.6/bioc-20170816/report.tgz,2017-08-16T17:54:13Z
https://bioconductor.org/checkResults/3.6/data-experiment-20170815/report.tgz,2017-08-16T18:23:56Z
https://bioconductor.org/checkResults/3.5/bioc-20171018/report.tgz,2017-10-18T18:38:09Z
https://bioconductor.org/checkResults/3.5/data-experiment-20171018/report.tgz,2017-10-18T19:09:53Z
https://bioconductor.org/checkResults/3.5/bioc-20170816/report.tgz,2017-08-16T17:38:21Z
https://bioconductor.org/checkResults/3.5/data-experiment-20170815/report.tgz,2017-08-16T18:24:26Z
https://bioconductor.org/checkResults/3.4/bioc-20170415//report.tgz,2017-04-15T20:30:29Z
https://bioconductor.org/checkResults/3.4/data-experiment-20170415/report.tgz,2017-04-15T20:49:51Z
https://bioconductor.org/checkResults/3.3/bioc-20161013/report.tgz,2016-10-13T20:05:53Z
https://bioconductor.org/checkResults/3.3/data-experiment-20161008/report.tgz,2016-10-09T02:32:33Z
https://bioconductor.org/checkResults/3.2/bioc-20160423/report.tgz,2016-04-23T17:32:03Z
https://bioconductor.org/checkResults/3.2/data-experiment-20160423/report.tgz,2016-04-23T17:55:08Z
https://bioconductor.org/checkResults/3.1/bioc-20151009/report.tgz,2015-10-09T16:45:26Z
https://bioconductor.org/checkResults/3.1/data-experiment-20151008/report.tgz,2015-10-07T23:22:05Z
https://bioconductor.org/checkResults/3.0/bioc-20150410/report.tgz,2015-04-10T17:11:46Z
https://bioconductor.org/checkResults/3.0/data-experiment-20150408/report.tgz,2015-04-09T00:41:51Z
https://bioconductor.org/checkResults/2.14/bioc-20141008/report.tgz,2014-10-08T16:10:04Z
https://bioconductor.org/checkResults/2.14/data-experiment-20141006/report.tgz,2014-10-05T00:44:13Z
https://bioconductor.org/checkResults/2.13/bioc-20140405/report.tgz,2014-04-05T16:53:57Z
https://bioconductor.org/checkResults/2.13/data-experiment-20140404/report.tgz,2014-04-05T00:29:26Z
